"'eb727f972742f7ff6b07ee761ae5da1b'",3581648
"'c82c51bc925071ff17983d79b472c9f8'",869838
"'87a4ccc2101bb6109d397e91e9291624'",864485
"'d08c1bbf135ff7e0c8324fbc890e9916'",855529
"'b496d19eb25556bd64e481d11b6f7dd6'",659904
"'6f50051fef25e2633f4d3073104d7a2c'",582935
"'6ae8abe8c2cf3bcf9cc6df31f4d06d4d'",488403
"'e65bd9b13ec4a97ac7b912f37c3e36d4'",379965
"'9a7670be67a118ddd4b30f5cdd3b035e'",333108
"'007a81eb198c0128bd7a4b276498983c'",254275
"'ba455a5ff58496c140e8d78f600caf09'",224812
"'358f1de5feb4209fae852fb0a61de5d8'",223374
"'5f82488fb41f39bb377b55eb85837dba'",167355
"'828e617555709596bc3b9f248bbab38b'",166192
"'72b88f72bca2636844bb14b9cd9e29b3'",162431
"'b6486c2402c646e280af20bb4115c4bd'",150891
"'e841b1dc98f3b54f95c0f496cd2769fb'",146205
"'ca431c645b8bbf6de0a2ce1f9856af50'",139923
"'2d94c9bf487950e65f6f999ced39c116'",138996
"'f4d6ce3610a3dd0283d797ff695da3f0'",134978
"'5623c50b51bfad7f99c425865e85886c'",113262
"'207ab12c4ae2721b5d335ca95fdc72c1'",108745
"'cc0db8ffcf04eb974c4cd01b0dcf4b32'",108318
"'6888b00310e0a140c7357aac70363ff3'",105857
"'7273c7b009247c830fa352d6a5d04838'",104284
"'73668bbc546e3413d3d1f97a37e5e6da'",104158
"'9d3087e7e08df9267ad8676fd02b19f7'",102901
"'f349eecde051b02b5fc04044e38bb75d'",95324
"'dd253659a9e69f90b62669f71daf8de2'",90690
"'1669b50f343dd2e888c2ef6e2a218b23'",89938
"'a208b8b3516178e7b21a4c04379ef39e'",62166
"'489fed35d8b91d95691efab0215e46a8'",60889
"'3b0a1ad8f5e17a1ff23b2e97cd01c199'",59031
"'1d50887d2918f4fa9846d8d8739f2f08'",57942
"'1b03b8cad908a3f51a2e2c393a66ad7b'",56116
"'360cbb6e297d035c73406c60db192e10'",53324
"'3dfbbc680feefe09131f1e83ef908ec4'",51975
"'6a59be6dae2918aa5a0d79ac0cbc39ef'",51911
"'ef7ba0c8c547c87b28f44fef3b208a35'",51637
"'d694f3b60c35b806451e8d91cac8f579'",49510
"'cfaebc0021cc3729028be60c8dbf6ec8'",47700
"'6c7382d6700f7331f82ff92866c9b96c'",46399
"'fa5c254595c082a5ba3ff37de1c22647'",42264
"'4bd3981228debd5428b72ccaf9e16e4a'",39936
"'5444e41128ef478f9e077e67f5513a3c'",38241
"'09e9c17dd5ed59af4fac2bd014c28e41'",37634
"'d21751cd722960b93650a43b3c996eff'",36074
"'80c1f1602b3784e7e6525a6e7b22fcb9'",34564
"'1e29cee0e09978aa6ef06b8a079a0522'",34101
"'f3855a04daf5e83747107e0c98254db9'",32343
"'355158550c64b211969fb74d3d94bda5'",32118
"'3372a6f15120baf21624f2905c60cdc4'",31249
"'6a991ae854f6fd063e804ea04372b00b'",30949
"'efa37b5615ccdceb06925634c9cb6535'",29688
"'8b924e794bea4d5e6ce22bf72677d83a'",29642
"'12703b04b381eb71fd6ce470dcaf7d1e'",28860
"'e878bf19ef7a476af1ab408890cd4872'",28552
"'051865161a087e8bcf58466230b9b328'",28476
"'4541985713e1b0d40e9f2af792a50b34'",25434
"'e110f1d3b59804da7cbbff1013648c99'",24837
"'b2d534801c7163b324a0447b7f26fd65'",23664
"'3bcaef3bfc2a3f4dd43ab55b636d85cb'",23256
"'339e3a6049f4f6a4381951c1baa10fb5'",23156
"'3f819f6851b76254d0f44bec0257f0ab'",22759
"'86689e178fa2e81218c5ef5609e70d80'",22003
"'8cfda524ca8be5c486bb689b4392457d'",21592
"'fdc759e271e9a812adaa061df680ce6d'",20972
"'56f2dad7eb312908da3d93c93552a5ac'",20905
"'d3ed1c6cad41ca1886e88d8dd2a8cb4e'",20248
"'5fc209998dca06f1618a78b66cd5d827'",20155
"'126562dc8703e8aa7df156fb6dcad546'",19539
"'c5cf316637486eeca6bccdc4d16d112d'",19234
"'437ed85cde8459377de188a7cc19796d'",19207
"'83702eaa06f8a89b6a8f3e3e4d75e509'",19187
"'a29b2ec012c98fa0167b652ffaf0bc9e'",18533
"'58288d19c05ccb123bbfb7cac92015a8'",17650
"'0e884c2dee94f907dd2e28b396e6db5b'",17469
"'55e6b0381c45f74235f06b5c6a056d48'",17364
"'78c496ad06370408e18509ebdc241a43'",17282
"'6132eeb342eb6db2229aabca20505253'",16925
"'d47403bca169823907e747317ac47d00'",16902
"'761cf9dd8d1cfc1700fc941f4882f076'",16150
"'5265ab43c658670dd554db886cd53307'",16089
"'5a449e1e2333f2f684848eb2b0c94a68'",15927
"'dc43460986bb0f1cdaa882ae790e6a2a'",15916
"'9ac7bc22f5d597270732405bd18e1260'",15751
"'8ea93bde2393e28bb952cff6b7ad61af'",15362
"'d4882c24fc33e6c29c80477aef43284e'",15223
"'55efa28921541070241ae4e69b7e271a'",14415
"'9d6f131151c36b213e38b15326e97cdf'",14175
"'66a170274358721f938417a41ae445d9'",14084
"'789ef230cca0750a36fc8df7983e9072'",14040
"'2fdd27e06bb6c7d72d78b5145f14acea'",13916
"'18b24e13a9abb2537444c4c9c28ecd32'",13873
"'66b766e00ae8a6be317df738b540458d'",13759
"'85b1ba387ec1017f2b7ac7d773601ce7'",13571
"'76159e9fd5758fdc364543baa20ff0ed'",13531
"'44137ce4af7523ec41afb02cb1e57648'",13494
"'4f7b9e82015e4c1a1ad63d71953b63fa'",13237
"'8933f5d6e22b940dd5d8be810d226e44'",13236
"'8cb2554df3851a780689a051d1fde6b6'",13158
"'b5ecd4055549dba29f05c64909717818'",13096
"'e1deb90828c8bdb3fd4011dd79e7fb0e'",13061
"'389080873c3e46f2645d5a2a506594ff'",13005
"'8a61bcad59d701b8c9e600f4801911ad'",12747
"'5ffca32338b08ea645a3a2fadad991e9'",12539
"'2e6223826a5d34c193de947d557d3a20'",12200
"'a139d67aebba25ab946da0b502a2585c'",12081
"'be28b90ee6ba2b6ad8c8fca77d0ba43c'",11988
"'551cde4348407ff0fe80da078aa9ea9e'",11946
"'6872db782bd25edd2803551dc53425c2'",11849
"'37fd687281feb8b85c78196876529fe1'",11738
"'03c929667f81ea227731193143637930'",11718
"'ae6a5d73a4ff89d225c50fd6f8482f7b'",11663
"'a7d211fa8e88b136e0d10f389d0cdb44'",11495
"'3e8e515542d5fbbee789670f9ffb45ad'",11425
"'89b519486189006daeeb3da5c733829a'",11417
"'e0494409283975a7377884d8566f414e'",11254
"'85ebc9a87819b39b7a2cfe2f3f6482af'",11135
"'c03d4c489b06eb4f357b537782ee5bec'",11100
"'c5395c7dcc1ba883953e199a1ee469c3'",11036
"'501ee607463de40bc620199bb44570ef'",11001
"'12cf546c700e955d023e335b6ca7b8b2'",10927
"'6a42747bc531ff2e551b1e8dc2f6a901'",10717
"'f98bb1517166aa0f754e330f06620a4e'",10546
"'03312c32c512d11a4ebe3488b749e51c'",10531
"'ed6da3582ac43aa6b4afab544dca1998'",10360
"'6a3552b0999d8e62f0bf13dad070f3d4'",10267
"'28a53cb6aeae3fe55d4e8a3fc8162c57'",10244
"'fa8df8d442a0537d86688f42ba1777e4'",9691
"'9fabed71c7a9275a546dd10e2c4b47cf'",9360
"'350c3e429c7f967311ea4a71c4f598cd'",9276
"'6fa11b9afc516cc83ec8f1c3a91d509b'",9263
"'4bf1238e5d58f36de16fa3e4c399ca29'",9252
"'ef9ef4526c641fe64e8945812c1c1ac2'",9180
"'8d547b3a2f49f904d2297ad3966f62a9'",9055
"'61258fe3a4b3decad935a16b3d8f0187'",8786
"'113ad6be4d1b3de86f71fcd981c1c125'",8530
"'43161dbb858384beb22bd762ab062ffc'",8497
"'99fc9badaa81627ca2d32157958840bb'",8493
"'372ef583f8bed14246bc045688876c61'",8462
"'9efdb3061afc3c2ccf67088e2b30bca5'",8238
"'1aa7ecfa2919aa25b4cb4cc5982ed8e1'",8060
"'677159532478482911c582f92856a39a'",7963
"'263f894beac0ae2eabf49304b88952e6'",7958
"'90fac5b7bb009cd82d8b8c9aa332c85c'",7901
"'172cf2cdd92117c52a24c5948bb32370'",7799
"'3768590bf7ddc0af41566635194238a1'",7788
"'f3344a9febb95a81da1950d3399ecf90'",7783
"'7e2efbcd3881730f627cb77051d85716'",7778
"'b62b1f4f7e15c497984078cb1f8aa89a'",7730
"'aa04f0cd126257866389a90ac3300c0d'",7607
"'c8ec0e39e3711b5a3d7374ecad9f1d72'",7599
"'909fa663aa55a48c3ec8c74c332e6d1a'",7593
"'294ffad98cfdc55e2337280d2d755c46'",7588
"'47aaeee3c89aab4547a6f9098b7d3e38'",7559
"'c9327c4a904dcfdafe4ef84281c2e5de'",7508
"'c0e72663003ff183a762aa80a2fd652c'",7490
"'e04feda2ea4ae8c3db554785351256eb'",7486
"'633cd8aba3c6ee8a27e0e3cd020d8caf'",7470
"'126e2d1226b58735f95aaa426371cb78'",7467
"'91270c5e5a93f9fe369df99241ff2e7e'",7411
"'55bf0a5155967ca0f125277ce2df18d3'",7347
"'2097bf0884c2584c0d9b6ae5daaa2626'",7261
"'f4d6ee901e5217b0f54350ae716451c2'",7148
"'ee9633ad0a5f131e0713d3b279992b24'",7136
"'b441fd372c75bb9226d541fcb9a16524'",7088
"'93fead3b1f991e7efb58863ad28e485c'",6933
"'47e45052ac2e553e04039a1a9cd9ccdb'",6915
"'e5945238cc684315dc3f2a35eff4ff18'",6871
"'5e19a34caf423e92bceba8ed655e61f8'",6847
"'b2075c5cff51301afc2b38d3f6bb32c9'",6791
"'aeb1c8bd02f85156eba4d5c8c73be050'",6685
"'3b4e9f54685d6291f78e502ef15361a4'",6619
"'6840722b386cb05373e06e91b3ca6c83'",6617
"'09b96d1202f8b0f047af365fa4e42ff9'",6524
"'91051b11e9ebaa637fc23da8abf545d5'",6501
"'fdd65aeb7a91441a04f43cd3a84005bc'",6489
"'7bf1581c7ad0f7dd5d2ef00bd4ce2efb'",6459
"'550162e232087b34193c247a1711cf5c'",6449
"'31900a57e9cdd3daffa082a7b20fefdf'",6392
"'7ae063308b03b95a678e49e6eb6a4b2a'",6389
"'161ea703dce7bc1652d03661b3159e50'",6386
"'c2a20652296a2c3c81c94f4319acbc2e'",6361
"'96eecae21138a32ccba0eda27836c1bd'",6357
"'22432f4ccf554d5e9282cc44cce0fcee'",6340
"'b4a27eaa8888ef3b4b188e81d601b136'",6281
"'c86afdea6914d04b7c7335cf9433d556'",6230
"'09a5d8163c515679ed8af3ed9bce9781'",6156
"'62583b1fb97c680729968a72699f6a87'",6113
"'d960e2a8aeeb1981454e5f9deb212eca'",6099
"'5d91dec10f79029a60c812c3d1b9fde1'",6093
"'11b5b745d95ec1fffc84ff66ec7a6ac1'",6090
"'3b6bc60ca179e3ed9199e6d42e8a591a'",5936
"'6ddc611274ba69b7aabe25440f9507df'",5917
"'2e0ece452e8cd8d76e9433fb680b9831'",5843
"'1f8b04d2d2e7384a26a8c68fd530e732'",5829
"'a4dc4b63f821b701b2f74998edb96142'",5821
"'be04cee85f8fcac172e31087a4cfe9a4'",5812
"'eab511fe8e1415bdf55fd2c60d35fccf'",5775
"'d759f48c7b92d1747be2ea533eb3f044'",5771
"'d8d47392d2cd74cc9adbb7e89802dd57'",5695
"'cbf5e3704048c2d96aa301c2183e4f0e'",5646
"'3034d5b2135d7af8e033b996a58c3da8'",5553
"'428b9ef9db2da513be0e2fdecc232bb7'",5504
"'6cda58eb6fa9d8b2156547e42cd5d8bd'",5485
"'7d06cc25e359815ab74f0047b8a9fedc'",5475
"'02475e09b43888c0fcb44f0fa01dac95'",5411
"'5de1d6365920173bda46fd657dc01e34'",5408
"'701e1c17519c1862f2a31091b206f776'",5389
"'0548c7f2d00a840e975263f868b1932f'",5387
"'0f1be334e5b3fad9addd30de591de35b'",5381
"'71ac1b732ed26d6635e66c1cc5682e57'",5365
"'f0efb9b2192fdce3fee9f4f6a510f238'",5350
"'9f299681cf5be696e2527f1a0712f173'",5330
"'02f3fe55b51235e30c332fde80953ccd'",5326
"'71c3d3328d16de05b7a4a730f14d3bbf'",5322
"'afba13664643966ef7a64fb81ec2b914'",5292
"'bc9ca2edf2f23b1766e54aee68e05e17'",5215
"'04b869f36d13fe8ccfdb2456e79d7d91'",5133
"'931dd59fc2ae92d75a60f01273b383a1'",5060
"'4bb084f9d4a13c301bed5831258830fc'",5034
"'82f2e222e57955d4008dd9a065607669'",5007
"'9d9f7e20ab9c68ee39893de82a0cd058'",4997
"'23d38ccb2849fc60e98275b7fed2a87e'",4970
"'f777ef221b7495f52f606fd55fabac34'",4961
"'30d063bf1825c71adf9f7afd720254ba'",4945
"'d8d8abf596c16616c23a743e39478dbd'",4924
"'1ef03c5ee28541a820c4824d904a93e8'",4856
"'c58eb87b6aad3c715fafa18e76dc8958'",4845
"'41a0953b63a258290f8ad2b88feb6dae'",4798
"'c1ff2ccfaaaf24ed76e3fe4a6bbc10ad'",4770
"'83100801ecf788343699c12a822cf13e'",4760
"'9564a16b21692fbe61de92fbfd974570'",4735
"'efe71993e97ad81c4b1fcafcfe5d6e83'",4706
"'effcefd26eb9accd8b96c21f4c378c20'",4694
"'7b41f68ff48a9250e6f8cac57ad240b4'",4684
"'86c93dafe9d942e9c9eca54561c38924'",4681
"'1a7fc0592b095b243b328335fb044c73'",4646
"'1440eeb818725300ddb57ab5d082a1f2'",4548
"'888324d0aa982c5e4ee5be57ef47bf5b'",4466
"'41ffd37f53b7c138048e4c4d2b78a3b0'",4466
"'f0b94fbd6e496b519d047e3497712937'",4456
"'39b705a5ff73ee573643586782f23b35'",4455
"'23668557e1509bda685eb2a0e60a939a'",4439
"'4572b05ba68efe923d0e31ae6d3f2ffa'",4434
"'0ad2dc1b8232cf85c4569e3848c4c365'",4414
"'e9fd84f37ede529401e349c52a96a278'",4400
"'dcfd13a9db61ee0b101b87fc545f1c8e'",4394
"'581ed3f8b114c9d559ae852799e99a4d'",4352
"'c3d854f67b943479065412c8902f55ec'",4346
"'8febb196fe55357af37d86823f937bce'",4295
"'d48a3ba9247bc34d3ef617cb5cb9c5e5'",4273
"'bbc864f287a2c9171412f21821f146bd'",4248
"'cf210bfdb990d74a8f264389fad505e4'",4246
"'c1b451ad5cb210c243baba89b168ba05'",4242
"'d276bfc111e7ea06470ffbfe9051eb8e'",4220
"'0bf8d06fb63fa755038f8c1827ae32a7'",4194
"'a512ed8ab6aab327b14b00710ea1da92'",4184
"'16cd0410b7fd295663d0e15e50eff1e8'",4184
"'ce3e198b8c0c8f8901898b0ad15952e3'",4141
"'f100e5cd5a9776ec7185aa0a364f391c'",4120
"'1ecec8224f848ce62eb2b92bada1dd36'",4118
"'15020cd3076228115fffdc0fc35e5569'",4084
"'1ac02a66e1726baf8188061efdfbba5d'",4057
"'ef6efb8a7e0da3e82ef81095193e5c19'",4034
"'3ddc625f36dadc84eb5b2f0ec5ec116f'",4005
"'45d9a08122920c3c2798a5b8202de91c'",3971
"'20a45366eb7a26b880eb2cd636deda21'",3964
"'fab9e65aa3bca592103048204a56503c'",3951
"'859ac8102adcc0020e0424d62b9279a9'",3943
"'6ad91aab7030d9001b9981f9c1c5756b'",3916
"'e64cdbb7c48246b6d288a06bcc7bb213'",3906
"'6ea2cb18bbcd17a5939703f6f78a5ee1'",3876
"'9ab36aa0adad734bd40afe590a1a4115'",3800
"'8965ed1be21da98a60079339de254587'",3790
"'82b03c4cd9085fde3dcc5cc99aebf8b0'",3783
"'141240cb09a0953c3a636ab07b3b8b82'",3782
"'3f75b16ab44e0f41be677d1d062f53c2'",3772
"'8288774ec335262aac39bd3740577d55'",3764
"'3ea36d8908469d51ec77dd9eb8104aad'",3762
"'cd2716d8de91c5dbe44312200e6b52a9'",3743
"'f778aabe2b3f6cebf3f5ed978debab01'",3735
"'bbe5bb6291ba1b8f9d12de9b84c7b367'",3715
"'bf20a0e381aa096ce515d6bab9c07d4f'",3699
"'18612e2758dd9752e27c0aea8cf4e99b'",3678
"'04fb35af5ff7f43b55d74265d2658fbe'",3676
"'79ecd04831171d3bfecd76ea4deda213'",3639
"'15b4ea9590316279c0625f19fd8bb3cf'",3638
"'223a3231769e3bc4de796879506dee93'",3610
"'08b6252fcf67def9f8cb802b810d7fef'",3595
"'0a4edf0c37915518bffe6420638203ee'",3589
"'04115c665ef9ee88614359fc0dcee45e'",3567
"'d2dbaa35ea7dca7349535e72292dbb65'",3545
"'a31cd399fb98e408c5b2f74897121b2a'",3470
"'577a492c34728cc469553ab98920bd3c'",3443
"'d1b6ded1f58c7372d7c9c48bf4e7c786'",3411
"'75ff035e9ac4909ab4f15d13e8c2d7b0'",3398
"'abe3e3508605ea3f854f121fd5c2da6d'",3369
"'f3e89cf46b2a99f9015c7dd9b76017fa'",3342
"'6d4251d7fedbebaab39e61b21f6d23ee'",3340
"'77942bafc68a732ef4199b26995c202f'",3335
"'d41f562b9a7bb6dc0c69d093486a1fec'",3319
"'0de281b2ec4b7db222de25fea5d8b2fb'",3311
"'79e4e90ed572f55e3a557aa07c6d98c8'",3309
"'0b4996e2e29825d6ab19df3d9e450ab3'",3303
"'1555d52aa850d9abf4e43b4ce0fcd3b3'",3291
"'68a92ca00a17fb5d60bba89b24296943'",3276
"'32f63fe715aa4368174116d83fbe2836'",3276
"'ede4fd1ce3902c19b581fd5d6cea8af2'",3261
"'9d0dc28c130837adbcd7dc7f21fa3b5f'",3259
"'609e54137326b9d1bf663fef9b9c2e08'",3250
"'6bd50e4a790ffbbd87fcb24c9d558ae9'",3238
"'271c4c7c921a0bd3259664c8b04d8505'",3228
"'10002a4343078c3612a756a713d147d6'",3219
"'fa7574b5280b743724a7af7ad122a386'",3214
"'64a31014ed1a7dd6d7a00b75952abef7'",3213
"'5e84136bbba3b0b9306f2d3c7edabbf5'",3212
"'2c18a189fed68f95f701aeaa36998ae3'",3205
"'df09193c1a2515a4b3d8d20f16ab9627'",3200
"'36a30692197295d1003fcb24daac116b'",3192
"'f10608cd5464d9b91eaf3465629dc687'",3191
"'4a00c3d9a6731615635ca65675fd7337'",3179
"'707b08f859e90a3f4c05f0da80c335af'",3177
"'110e0971d20ceac28343fb3548c97375'",3168
"'e964e8775ec3208bff8ebb9ca437a286'",3153
"'16ce1580b229c18519e924ba5ab646cb'",3134
"'51dcd19902575445fd7052e288f07893'",3125
"'369875e8cff2ac7df90a2b09bbb8f0c8'",3123
"'02aab6fa182678140463543f8e2a1ab4'",3123
"'c1fe6624531bf36284f868611fb7b6d8'",3105
"'04f2f6ecf4f097bf3081ee6e80b54397'",3100
"'1028ec79408901bcea85828503143e9f'",3088
"'cc58fd81c9bf6ed4fcb958b44112960a'",3083
"'9d2e194d37b14c0b3629145038bc283a'",3071
"'01f39930618b395c314e302882573c0e'",3070
"'0501290c5f90beb83179b1888bac0406'",3065
"'0a635557172ce7c41c24b287d3586b89'",3061
"'0ad99939b0d90516a50517e30232d11b'",3054
"'350b0d50f38b5ddc2ef2011a2dea6f87'",3035
"'e8fe7f58b06c549af43e7eb061333049'",3030
"'72bb7af454ccdc103215ebf337f476fe'",3014
"'27880b2f1f54af73ef723952fb83e92f'",3010
"'152b4a1f6c7794b462f7f4e3520f5fc2'",3004
"'f70ec1bcd565f43e99d6dc5d556a2ec3'",2997
"'a50adb8f85f6e259731a3c59584488ce'",2997
"'7f7b6c0d87056bac2fac714369745381'",2995
"'96f13afca25497a1c78259ea81b67dfa'",2979
"'6d69d0393c5882a8bee23491b71bb8f4'",2976
"'d9bb66531637c96ad06649bdcae5cd1f'",2974
"'9c97e4d427da9e0a49fe9e3cc71eef2a'",2959
"'57f5167834dbbc12bc2e097325425b5a'",2958
"'c65a53d5d8fdc253f09e2b573138c70e'",2939
"'b9ade1ffe91526b8e3ce7fe878051c63'",2937
"'5e12741b7283acf377f42b6187914f18'",2922
"'9f52d01743cd0131817a68766a366923'",2900
"'bfccb8e5a575127df71aae10b0a0a331'",2884
"'4ec9f394b25f1d757422f01fc04cef49'",2884
"'2b13e98b4f173e5a8ec757c0e1472ee9'",2865
"'e132deef4e16525c7d87669dced6a71e'",2859
"'761c4cb2a0ccda7595d476859d48eaeb'",2840
"'5607bea489ca9d2f3f83c4320f2a2a2e'",2834
"'1a3c26e97d31fbc178609e15f3af7e81'",2830
"'8f25b46dd09ee53055aa20599e5b708a'",2818
"'70549fbe8ba47005177a65b4062c0f28'",2811
"'aa60540703a28f58b67da752d52728ac'",2809
"'d3fdcc25e9a30d2b705ab81e313cdbe1'",2798
"'d0177a6052cd4a20ff91e32d332e455d'",2791
"'5e9d7dff8d8468d778539dc4a2186890'",2783
"'860334f62b5aaafd5b76b0a410dd4ccb'",2775
"'43e048e274e57595ede978a9bc8d3fa0'",2751
"'c842c2c02aa2341e951ca994115eb9ff'",2748
"'6204e1e090b65051215090daf5f5128a'",2735
"'5869fc2797f910a4f659c483560f9437'",2735
"'86e7656bba961f55753dbf978ac9d6b8'",2725
"'467a38fe36ef666e264823387f66f3c8'",2725
"'64da941e95948f6c1f7c9f63bc532839'",2720
"'9f64a3a6e091da5b0bdd12c4e39040be'",2706
"'210c2212d8f5e07f5f4fecef4b9e27a0'",2693
"'7dd2fe9df755be9b0309565e34d6470b'",2688
"'d50d5cf3b37b8728bc1033bf5e537e39'",2683
"'8318fd14ade372ba334aac459d88682c'",2673
"'861f63f61ef0b6ffc736b5689a7d38e5'",2661
"'1293d83e9ed7b48883edd4f9ff2fd29b'",2628
"'b2ae222d5ea78dd22441ccd14e2ff455'",2614
"'4d2db46b5a967358769b1da0a1cf79b6'",2610
"'4714f9db91ecb855e370ca78e191b5dc'",2599
"'2e16a819b929d4dc5e8df026907eab5c'",2598
"'019d69df9f2da34dd60ef99c8aa6dc70'",2576
"'dd861b2be2d8146b3da809427ff41a69'",2570
"'7fa662db86f8ab38b8175a15ccd1e55f'",2562
"'6501ab7d250f9acd798de7c1fa03dbd8'",2559
"'0cc37f10c4528b3ff46f9d450488a9c2'",2558
"'ca34379e9123fdac651cbc391f6be58e'",2554
"'603ec17c0df46c07b06d7c2e03058b8a'",2540
"'f0713f520e9aaa1e3529e55a71691b82'",2533
"'722f7eb37349113c7ea745a569444340'",2530
"'914fd129d9545f15aec958fe2200ca0b'",2528
"'8cdf5fdee5ee44f4be5d26db3c23f4b6'",2521
"'5489aced09b741dd1a08a8b635562978'",2513
"'dc1960808540c7aae8648f3e8265298a'",2498
"'489c4fbd041320f50d445ae6e152ca19'",2497
"'f33d7e980d109ad52811eccbf9ccc18f'",2495
"'02030be88c2f2028a9bd5fb8a09637b3'",2494
"'a828d73db1b59be850247d430a3bb495'",2490
"'8a337da4a3a9eec348e1dbd3c6ec1508'",2482
"'0f67e61c7f772aa42f82c464954118e6'",2470
"'d638c3f70d8c57b388a3a97d58143925'",2453
"'19e09c969190263b7c97172d72995e1b'",2449
"'29dd7817e6eb23333e087c4531556e49'",2439
"'87ed6e12180c4e79fdd66142f16b3f4b'",2435
"'9bdfae82f48574ee560dea222647cc4a'",2428
"'b6c087771e3a913f8cc68bfc7fa34165'",2415
"'8f63030dfd73bf08b68ba8e16dbe0cc1'",2400
"'b67f2a82e62e165ebf6e1411b8afe747'",2398
"'582ca084e3c83603a151c326da0a2b90'",2398
"'b603f842c383dced1734d4d3be276979'",2395
"'b41b93f783a240166626a8e0b49627d5'",2386
"'a6eafa34692793fc6de5f4acd75024c7'",2372
"'acff0174287a6f0a3488a7ff2b4709e9'",2366
"'fe29fbac06bc9c43264fc82227356a44'",2358
"'a38a052508bdb1ae010ec589f2a1aa69'",2350
"'25e21ab8fc4862b61069867935a59c7e'",2347
"'1b6ee4a8c8d94375f433c38c837a8ae1'",2344
"'725ece832c585bcba135b88e9f0084a8'",2308
"'8fe9a9b812c7ceb62472b97a06ed9ab1'",2305
"'21d8ff051c6c1513f1120af088b9fac7'",2303
"'97806e0887b12ba62c1e45ce2c6a2cea'",2299
"'7dd594b8101530bb9edaf48583cbfbd5'",2295
"'8f8db3bca76156f7354a0f3e7303bedb'",2293
"'d7672f6b1f30cea502c820482c2aa637'",2282
"'de016d4409143ebd33fee39a70832444'",2262
"'833f134928f303b5531209ff372ab4ce'",2247
"'41ea5b8a0a41c0305690aad588a6d228'",2245
"'84b12e8b4dbddef3cd4f848476455fd8'",2193
"'4384176905e4f4591a8125da454b80f1'",2193
"'7108250ef8316ec94ee6562eedb5bb0b'",2181
"'d26c17d4f58fea2592f3f3b8e45495c5'",2179
"'8dbb6c7ca5c52142257ef7fbc60741f7'",2177
"'2aad89e0a8f5b1319010dedceab12e51'",2176
"'13c6d26d475f05d0e795e71be3efd546'",2172
"'971a8bf114f7f3aeed36eb22656210dc'",2165
"'f6230a316d95c0a7e16ae0ba44af97c7'",2158
"'b337e136c713945f1f18ccca2fbf94e1'",2153
"'1c2273974a9c8e0e0f31d29a610a6624'",2153
"'de4377077963a6587cd237bea3138222'",2150
"'9220e7855a29ec2640bfac60ea2d4335'",2150
"'4139bbccee25f8babbf88c94cc342838'",2140
"'a3c37b437972d514d3349416c4240edf'",2124
"'13ebeb6e57534c0c86f13eeaad8c56bb'",2120
"'53b2b4c882f01f47fd5c41535162c9af'",2110
"'c6b2df08af0ebcdbfe86271688ca08e3'",2108
"'02b599961db381989529c313d36dd22d'",2105
"'1055b4aeb01f95273e003d51527501d7'",2102
"'7e0d939df2b00a47ce78c7046c1bca97'",2101
"'bff624bedff23260b4f4d3c95139ec52'",2094
"'dca9536cc27e5b38deea368f64b7b8c5'",2077
"'bb9f8706cadf91427f33d7c5f43b9483'",2073
"'9ad2242738d758480acefc7067a46f8f'",2063
"'8f2b765bc9d61d29c7dd721fac158e09'",2060
"'3c74436e29bbdf053dd47d95579519af'",2057
"'8d5ddda6602770a9a58d90dce88dadd1'",2053
"'a38bef46d91e5c6eba9d586eececf026'",2050
"'ef174e1d238b8840dbdbeed3962f6df1'",2036
"'d6a2989716ebe779b6a2958651d39aef'",2004
"'5ca78c56b738d738a69a5a01aae818cd'",2000
"'74d4f4a29e979f1bfde42a409e73d279'",1974
"'881c8b3c355d5042a29227c7621215c3'",1969
"'7c829c7a0c477d3ef7043056d6cfe3b0'",1964
"'77df61fb6e017f5a5bbef88a5a9eba8d'",1958
"'316f770b19087f2fe1356d368dfc1c25'",1956
"'d3b241c47558395dd0c047669cb49c6c'",1954
"'2a93de33eb38d52c21afb87d14350fff'",1949
"'c84b4dc80a4b66fd52eb9af8bdae6a6e'",1948
"'b2679b28b179421fd8ce6e5e2e98f1ce'",1948
"'df4a7c83041fa73b5347e5ecaebae409'",1947
"'229faf5da27e27dfacfdfc0a317af123'",1947
"'a783812caa895f8458328cb8b647527e'",1942
"'48a235f53004ac264038fdfe458b4312'",1940
"'30bb64e6279f79a1ba91bbf68912c3d5'",1940
"'66d3f6704ced9382506a38a4e64edb2f'",1920
"'c5ebef865fa22fbc71dee002fa067b87'",1918
"'eed18717906929deb2dff2cc769bd491'",1913
"'cbad9aef06aa55d568895652aac3b4e1'",1913
"'9cbfe4fbb88d3b39cc0ece1e56986639'",1905
"'d6b977048fe6d1832b972d39907961fb'",1894
"'3608ff6204ba71be2f3d3b3bcad3672b'",1893
"'dc1847a78627a017c5b81132e807fbeb'",1890
"'785bfdfbb13acac9abdf55ceb0733b31'",1890
"'f6ba67662919ba50f4ac8477bbf577d6'",1883
"'3d1226162827a1719f914f6d71c1b990'",1866
"'74f63a904802ab905ff20cbf89bba18b'",1865
"'fb43d3201d49d80bbf7257f1b36f6ec9'",1862
"'b047d010f960bc153cf17c763badab6d'",1853
"'e57189473a727be740a47c18b59e5a3f'",1851
"'8e0120a9586ad8a33bf95213f20bc571'",1851
"'28ecb2907f27114ed44173102ede9140'",1840
"'e2cdb0ac20fe3f88c38c3c0bc5c52220'",1838
"'b6db63329df15565ab720805c37d9668'",1837
"'e02c3ed8f3ea1a33e85c230c3051a9db'",1834
"'695278e84f058d840515367effeb0e6c'",1830
"'bb792762e591b8824f5923eed443c3bb'",1826
"'1e93ccdae828b5b6dc51ba998d55a4ea'",1818
"'fa047000bed191d580ff279d3102a90a'",1805
"'82919a017a5a50f53bc7834b16ac26c8'",1804
"'7487231bb5cc1501ce1b2fe3e9fee200'",1800
"'c4558dccff19e323a87cbcfb72fa6625'",1792
"'49bcaa34bf74ed7cb76cb0e652d185ac'",1784
"'a2ac06c1413763acdde5724c90048287'",1783
"'788ff470b55180caa36d6bc9b2eb691c'",1775
"'d0b9347abc86e22567b45120320714b9'",1772
"'6fa5ebef5d2a997bfe7ac529eb65c9e4'",1764
"'89c7a42685e51d8766de6bd604b7baba'",1755
"'ffe8eaf698df3d15ac16093b8b05adc1'",1753
"'7fa6cddec4505e68b665a53de6a852dc'",1723
"'ad29d36ab371f2b6274f2bcce76b9104'",1722
"'09d47e3069c09ef7f35fbd2723394fd6'",1722
"'fd462c69aaf72332f504b31f83a2f78e'",1720
"'b723a51feb29e50ce0a15bc9cd3eac50'",1717
"'5ef8b2d0bf9cf56a4707afd0c8019485'",1717
"'0069b32c2a5243a66e743fa024b69236'",1715
"'21cd8de24bea329f7b6557796cd3d0fd'",1700
"'ae2ecd6bfd2df26af5a3757925d3b263'",1692
"'238cd0d2f7b034016acfa17df0a07d1b'",1691
"'9bf84c4a1a26f409f00ccd3f0eb01d7e'",1689
"'6ccc169ee72a4eb0efd5dc39d15a5161'",1686
"'a0fe0fbb768223ac3f80ee6842ec5b1f'",1679
"'732a0341ebd396e3a66535ed66204b4c'",1678
"'0e65c95538cd274b140c97bde4f092ca'",1676
"'87a3669d1376de51a2d19c8cfc4216f5'",1673
"'73aa672ed32ef3cb77b18f2d1bc51139'",1667
"'40c4ab26fc18e820a887b575fc42a668'",1661
"'9d7423aec89911f4980dfe21e0c58f71'",1660
"'eea6f371f8e00125e39ac6f4df3803d7'",1655
"'c19831ad22c3d610db90d90b8256c4b0'",1655
"'5612fc63a9e6c889e2b03c679fdffe70'",1644
"'e97dcc62d2c701b37c1f3ab617bf6753'",1642
"'b24eb8df47bb74cbf32a65b606a59e6e'",1639
"'dcf0f71908923d003688c0ff590c4fbb'",1637
"'157770a7d99fb7459cd3022f4ec0c1a9'",1634
"'c914b06ca36356a62bff4ee7d8c3da63'",1632
"'43e98391d49dabeaf017270a0bf6dd91'",1632
"'3f845e041a6a222c5b854d446edc6436'",1628
"'f143f08e6277cd0ed2c70680c4171de6'",1624
"'fa958a19a9ffcc246392d1474b82cb5d'",1622
"'fe0522aead67118e0d56efbcd25a6546'",1608
"'139e08d78e0acd69facb8754fe03f15e'",1589
"'1cb6129fef233f6f88f6a41410400136'",1573
"'15f2fc4b2e093beb53a73ea4d2043b83'",1570
"'bbaaaaf9a7ada3cd036e35574b1ee72e'",1569
"'94efe6de5ff158979b79ba2ca8d7d502'",1567
"'127f22d646aa6e3c52b633ef8e34f725'",1563
"'6cafc56f74da5cb13c5f30878b8ba060'",1562
"'f8c1d6d850ec1151f01ae0a1fbf1706d'",1557
"'da09a0d648700f6588e75f0926e3af23'",1551
"'11f94901ad551ef833af88bbdca865dd'",1541
"'471d8ee39a9ff6f131ffa39dd486e69e'",1537
"'e2d219c3bedba9309295555432a065bc'",1533
"'926be4e5b41a7827342e5cbf601834cf'",1532
"'fbab54611c4719df79a89938ef76eeb2'",1525
"'b9fdbe6a262ea2f5055a617be6954055'",1524
"'2a1d8cf87e43480400f3ef6aa08305ae'",1522
"'f1295744113aabb14c58691de796110e'",1515
"'ad4e35c03de16787974d309094895d25'",1515
"'9777c904b91672f4bb85205517ba5bd3'",1509
"'9540877b78c4991c8b8a6acc78c6cb36'",1509
"'1227c0b3d61567042fb2ef572b0ac253'",1509
"'e3fe5fc589a6afe85538789fdb5fd235'",1507
"'af549cb9b2c5bfc54560262dfe738769'",1505
"'3c48ee1a71e56e4b07dcb937fcee7379'",1500
"'b0b59c25a00283a89e31d787dc49c619'",1496
"'26cfb9bffa9844b47c1fffcfdb24edba'",1496
"'75bc75ba720b975b9bf2873c9d780e75'",1490
"'ef6bbb6dcb867ab0df45e986add423f0'",1484
"'c8727b2db6c13cdfcdf6e9723fe7cbf8'",1484
"'57d68e5cbd92f3354e5ad7ccd63af788'",1480
"'31399bafa8330549386b0e0a5580f101'",1480
"'36072357f11ebfe0ee333f82647275df'",1478
"'c03375c25fe82554f58eacc710b06034'",1473
"'2aabe0ad0b7a2f6ffb12e393bb31d553'",1473
"'087fb4faeb7b8f13779ab9cbab5452f8'",1470
"'2b8107b8e64ddf6760211da9534c1fc9'",1464
"'6cd94b6ce38078e8da526711c1dde4b0'",1462
"'768396a16c407a3896122c4bb8a6a146'",1451
"'e8ac7627a1810545b29798a62b2a0f14'",1444
"'33e2833518a302f539b12fb3b5271502'",1444
"'17ed3597f4223d9878fb81d874959a1a'",1441
"'cd3be11a16388ee6287d2f869d938340'",1439
"'0d11f263aa566acff7f12f17e1ddac6a'",1432
"'6773baa610cb27338901f1b11c0e3937'",1431
"'3e8a876c326edd8bd8f6f08e630bc693'",1431
"'efc8d808f2c6d125f438e80dffed59fd'",1428
"'c1fef53dd1f12d356f4e39d5d3ba98e4'",1425
"'8b63d13e11df7fff9e77e774a9bcd705'",1421
"'da2f5b7402b6e17566c442fdfadb29a2'",1409
"'ce491f8d8fe55bb0c00b03cd3f28fe97'",1406
"'1b4449f00fbf6b9bd57de11cfa49690a'",1406
"'06fb80c453a316ef46858263ee1502ce'",1405
"'e3f94c527901fefdd9b5d292a6be6274'",1404
"'1851d62e0c03c6ca27f89befafa291ee'",1401
"'77532b8632b3a0df62ebf6981a2082f4'",1397
"'70d6cdb0b7dfd144114a9e53b873758e'",1392
"'ed29431be74f5d5b6dadaa514bae390d'",1391
"'522a8246385d04724a35133609948b6d'",1391
"'cea2e9f256620f30f33d6fc33cee699f'",1389
"'73acdaf820d83a96239165dff5fa2531'",1381
"'6a1f86f16bee92374210d9c7b88f474c'",1380
"'b79fe4701f502f03c9777cd1e24d4006'",1373
"'89e5759fb69388d7ac38b892042ad007'",1359
"'09d09946f0e013237f6f1f8cd14268f2'",1359
"'8ca394d37413bc07619bac09d06af225'",1348
"'eb244d4795e732a6270b961dfb8abf49'",1347
"'6dd1388b5b29b662b2de089a00f9be1b'",1343
"'9c1ed52fd05e7abfcf09abd288855a13'",1342
"'f063190a0177c25ccda19ecc66184937'",1339
"'d00e0eeeea8837a2eb802b267ddd48fd'",1333
"'0eb8938e51ad8da23437e147175637bd'",1316
"'a39bc73dc4d1f0204250efe69c5d2bbb'",1315
"'bf87d799b6d0bbd46de288dd30c5f5eb'",1314
"'3b976d128e4c71f135582e3117f20f60'",1309
"'260bf7553bd700b8a5bb280a65293fd6'",1307
"'7a858645f2adabefa9d2620e22119f13'",1305
"'55a9b4cf056b89bf5f77d7aefce3984c'",1305
"'7798bccb3ac46a1fd1ea60f6e6020c95'",1304
"'41cbd1f2e5e8126ccc1ae11e3a31cca2'",1304
"'1645f66030e0d67880c7742337e806fa'",1303
"'f7ea85b6c608505696f828d1d7bb80b6'",1301
"'cd9c49a6d6c3c6f23a7e5c2a3a665aa3'",1300
"'a0c4c6d92ccd5122be8a9176514e9d78'",1297
"'81b9fff06a47a0cf0c0732a18604aefd'",1292
"'5c9307a37465dfc8fbc16e5aa937f219'",1292
"'4028a0be888c75d13c4ad3bbe26684d2'",1291
"'e79a0b661cefffa4c94076969338ef78'",1290
"'777469f736710bae7961d71c17d1aa26'",1287
"'1da8c9e160316a0543a6f79a0fa19b22'",1281
"'4b73949cdd52d256c577af4740d5681d'",1279
"'7ce440e978df0bd51ff309dd397960ba'",1278
"'c1c1742fcf3789e64b010cc9275620c5'",1277
"'9cba8c92ad0e44675a75cfae910d178b'",1271
"'8e641a449c9aa58a1d6fa796af072e3a'",1271
"'871cfa0ef52e3dd511b4614c9655ca6b'",1271
"'31453794b4823d7743b18c389ec9259e'",1268
"'fda5c80d5a872f51d5b37126e02e82c9'",1267
"'a49a7c650048e64bc99334459bcbf8f9'",1265
"'39b94e82eb4ae9c631423ec64073a09c'",1265
"'ea6003834e671f7a2b6e4450f5adbc44'",1264
"'071c960dd581c61dfc9950fc18397813'",1258
"'e776b48971ec2271a2c1cdaedba97434'",1256
"'018355ca6c4c3e76c03aa6db772094b7'",1255
"'1193a78bd21569060de21f9f5cd7c172'",1247
"'aa32178bbc3fb79817e9101fcd12fd61'",1245
"'7659d9b970adc6d4ac54d5ebaf06aacc'",1245
"'e1081e9c25db66e3aca90accc0719e03'",1244
"'661427091287005182ad2a0492aa51d5'",1244
"'fa8964606179712d6e999dde7a5cb730'",1242
"'8bc699f3f6e46e6c9479a82c230447d1'",1240
"'372caf3181bbe7431835b139c35bdfa4'",1240
"'551cf112ae1d72b3b845f0b2f97212c6'",1234
"'f63907e9b20870c9484e34157896b808'",1233
"'c3741962a0f5f3c03b87e44d1446608d'",1233
"'b2788cc56fe96b04d88847fe196bc702'",1233
"'5d06df45d194df3f5ec367fc0e4fec73'",1233
"'e905bf1d985595052ea28f8f56553ca9'",1229
"'b36e2be4355ebc9fca1ec7a3b665d97f'",1229
"'6e116eb3ee2c2627fff06b339c26fcf9'",1229
"'20445b019fa73aecb1ad3c21c363d82b'",1229
"'a4f59590d3913b864d3c653adca22aa8'",1228
"'bca9bfd1d030bf9f653b60553b93aed0'",1227
"'6c27d7da90119ccd3acf3ae2def0368f'",1227
"'1a86566328869c9c7d68d6148a8dec8f'",1226
"'c119b7050bf6a8655e7044bd90f43e2d'",1225
"'af4226c9dc525f0202c0595132f8191b'",1223
"'941477dc154e435d628f60f9e551937e'",1222
"'844e99086107a0b7a303f55ca2f9d59f'",1222
"'3fc60bd04f4c0ff263dbddfc6ecbc6e1'",1222
"'49a36019e6477b18d772aa2f96c57bdb'",1221
"'821bf6a5729358dfdce680bdeb6428c9'",1219
"'696ce2efbb150c1c6a851c3adc3d8aa5'",1218
"'b092d10479f0d955add4356ab6c31b73'",1215
"'d05f440c0899c7dfed604352b9a02904'",1214
"'06c8411683561d7e5b2d2edbb26ae481'",1214
"'be78506e051a32c36271efcaabc4724f'",1207
"'4f7cfe6ff2b1220c8ab94e85c759045f'",1207
"'88a3b28938297596363d323086b22314'",1206
"'7d0392d6f65bd2a62435ed0b37550f22'",1205
"'11401a979378ed5b7c684d7e9b6192b1'",1204
"'af100c0e3ac69446fbadd465cac83cc4'",1198
"'3349ed40b627a8eeacb8d966daf15d64'",1197
"'d9b2aaccfd942fdd7ef9725c343b4250'",1196
"'0d7ca2e239ad201bddc75ef736091cd1'",1196
"'dced22598c0bdffec40ae37b4421be7f'",1182
"'bd660fef03a41007e3455e6d62c4d7bf'",1179
"'f017af5b08c8b853dc410319e12be961'",1177
"'2477e0071fbd3cc44c13a9d7ad26acb8'",1176
"'c29b557abd2fd6b34662852045c67bd3'",1174
"'6c8efeb7ca24b2cd3cfd74f14dbbbf14'",1174
"'612f0198f07fbb01a88ffec105ecdc86'",1172
"'282fdd9bfec23bd4e9b85557f12bd5be'",1172
"'51451cafbe353800e851b2fad3163a8b'",1168
"'bc2dfac7de8570181dca160e34de27ea'",1167
"'3c44835be77ce599e0df199edd2fa7b4'",1163
"'405dae206e86a0232105792764c0eab1'",1162
"'0015eadeb5dc7fc5618e54dd5a94bef9'",1162
"'3735416bc0c5a3674b4d8dbd49889578'",1160
"'4dc23853caa8d2d071dd79be9ecb508c'",1159
"'92048b7b25d7821f992007bdf1595019'",1158
"'8868e53b2ba12758cb0a1cc497ca0ce5'",1157
"'3016b132eae79950921f0ada42ebac60'",1157
"'1f19a55f1a888cfc9f2a66f5a86fe5a5'",1154
"'f19101fd0c85a18989f4e31b782ad6ed'",1152
"'bb68b00c912566d0ecba61c7d48cea3d'",1152
"'1b18ac64c2f7b5e64422363293ba49b8'",1150
"'851cb7446770929db02dca75842e8db7'",1149
"'fbccafcdcb54e2deb2b0368fc56070e5'",1147
"'3b0784fe67e13f077c9d9208aa0567a7'",1146
"'53bcf7da950c6bbdee56542c9a90e0a3'",1145
"'0a35ec7e9407f17ed98a1eafe1368235'",1144
"'39a8ba25b120fa17895343ab13cb755e'",1142
"'f009dc9d303751b87d59cae494c8c465'",1140
"'bf8d11aa483664e8fef5445973b4bf6e'",1140
"'6ce5b803926702a488d06e8156963920'",1140
"'ef430e41423f2e3139019b4365809e2f'",1139
"'37ce75fb2a3df0378919a0e90917c939'",1139
"'f4f921ad8524c35cbecbdb42c88f74e7'",1137
"'3ea415dc99e86fc289ae50ba18d32f07'",1137
"'80f81cb3df79839e7f7e9b0f5ea61b84'",1136
"'06c24844d9d5e8b0bc4c7c9dfde62ea0'",1135
"'036809a43d05a2a121806bdc5d7b31fd'",1134
"'95c90a479b927e518796cfb93f609891'",1130
"'70c83bf15d14af2fb862529bd15a6f5f'",1129
"'dc1365771a2bbfaa4f956f6ce921c933'",1126
"'033f49bf278f9c34e3e1e52542e98920'",1124
"'26f3a08b5b95cb62c87c9fa0a95d7421'",1123
"'6c62379758f6dadfbc4617f2c8feb42d'",1121
"'3f3fb7232166039dd8b28a764931aabf'",1120
"'267f40f205e3e32d3677f39180c719da'",1117
"'fc6933fb145e6709206a2146cf508e99'",1115
"'3577a83837244d4e62b307b271a57dc3'",1115
"'b8eb156f447c537ca4b634c2c07b5fea'",1113
"'a8a8fa8b835b996fc58c1be096d30c71'",1113
"'c396afca2740775260a87f64f3f691c8'",1111
"'9da430013ea6694801ba21ed7668d0a8'",1110
"'f1e43f1d45cde2a770262d96f3557a6f'",1102
"'d35879b32d282b46dce6d3506fbdb98b'",1102
"'d5b867355e654a8a1c0b90768c4b27af'",1101
"'c7adc2b8ccc887905f7b677100a4bbdf'",1101
"'8f5fe68fc3bc1f26d7b907a4f495d572'",1097
"'4b020ab354ea28e6a86c414e2962f274'",1093
"'de96c757d4b1a1786b1c7a0a841c41c3'",1092
"'190e2943dad5cf0652e4194f5332765d'",1090
"'a8c3643d487724b87d21c7417407c822'",1087
"'9983a849d364602984e2bf82267a9cf7'",1085
"'f8d15fddc56ed06eb2b71c418cae8753'",1084
"'c087a4f315207ee2536ffc0f81070d87'",1084
"'6b59641f0e3868e80d97b808a69912b3'",1083
"'e7c72757eb573d085a3d7be636cc119d'",1082
"'cf92246ea1e7bcba64f90963f76f36a7'",1082
"'00d1e76ef6bb72504542c8a495d3c84f'",1082
"'91c1a0fff5f8083ed8575cb2fe02692b'",1081
"'766427311732c37be0b4e6e396ca54d6'",1081
"'059276653080d79a1717d5e5c6b6db14'",1079
"'ac256e8e7980dab1276df7c5352297f6'",1078
"'c0025fd9551a2e673a0091f07b2513f5'",1077
"'6760174c4579afec8bf24a3ac824ab20'",1076
"'4efb0dfd7228f7adaafef3ffa96a4aae'",1076
"'4b72812acd427a5651ec5c661cd50258'",1076
"'3af7e9a74c54a0ade75750acd9167b5b'",1075
"'22627d3d07687aed0c29458f6f4dda71'",1073
"'dda080424ad135b413a5d1e5eaf0c283'",1071
"'a8e596d287760e5004d7a899c9f25a17'",1071
"'681ff700199422ea43f493416cfddb66'",1071
"'61f32cfef38c65296ca4767f33330415'",1071
"'cf88a180114f7192a6c17f368479fd10'",1065
"'ef4374a96f6e1cc25f43986e922456ab'",1063
"'15676aed37de75590774f42efe1e0ff3'",1061
"'90157d26b37d38cd3b2f505f1c6cde64'",1059
"'02f487f3f644ad9e8feadd44d03c4967'",1056
"'e939ecbdc922da4541aa307cf240cf4c'",1053
"'9637ac37439e014de570348ad9769400'",1052
"'761e75f1c08e227d501f887056f71d38'",1052
"'904361ab2165afe8789caa8f0705ce42'",1050
"'ebcb859b889f0df2b0055ca021c35fa8'",1046
"'765f018928df5fbb9d0584afa0f941e4'",1046
"'60230af4b89cd4d6dad0836f942fad9d'",1044
"'24679c7a9cc6368e223f7fb55205e838'",1044
"'e0cff90733d7f16c4605f7ceda52ecf9'",1042
"'098f7dde72be0a2dd8d5a4d78d08eb49'",1040
"'11b460daa8dc2cbce32f2e214c70bc44'",1039
"'0b971e325397a366ddf3151f5c3ff547'",1036
"'0aecf579bd390cbc7be0424bbcc326f8'",1032
"'edf8b20fa02d1733ef722fecf6a85db9'",1031
"'59448892eea82873b4733ce54d46dea2'",1031
"'282e84ac20f2dea82ddbb899b498afe4'",1031
"'9123c2c8e8558f7fc9d14b1c099105b8'",1020
"'057846886a8ba9411764750570d8cb5b'",1019
"'ed83bb533c37252f833a2033f6b69216'",1017
"'a4caff8658216359a0f42523081064e2'",1017
"'d397d11c3ce1e0e8b94b6e65ce7c2dac'",1015
"'c1e40456bf3245386e6769d4cf131461'",1015
"'cab9bce30b33d85ac330a741480b4395'",1014
"'3f096040e9f9456582d2ccfa9aea1dc6'",1014
"'fe6bf2f5a359835582ffd34d05839aed'",1012
"'03f6d03af8565a96ed8a9a9e1d9aeece'",1012
"'e284617f91e5ecc80a872c394aad164a'",1011
"'e1d9065a7500e5fd9868a6fb6e7e9e89'",1011
"'cc81bb710f13d9ccf6b54166afcd3342'",1011
"'e172f3a4b0aabdb3d7e5910818426d3d'",1008
"'62b9d384818b11a85e17ae3ec5d5871f'",1006
"'36681ff3f1f94ab9f20079c0c55381de'",1006
"'fa3ae15d2b5fda3f8af32339494362d4'",1005
"'4d3ba397b7b8bd53a037fb9214006635'",1003
"'42ca8bd64779fa887a3d562c7ab420fd'",1001
"'b70b7adb697661d856e5d543c400244e'",995
"'41aaabfdecbedd6519016471555e84f2'",995
"'6736bab8b2ce4beee95671912640876e'",994
"'3db14977bd577c5e11ded94d9d25fba7'",993
"'d03b329658d183cf0b201b687742accb'",991
"'f46ce284cd5f1218963024e73841b85c'",990
"'68f8d7a3faf640aedb7dc165d346079d'",988
"'b1f9df1a62314c43e8409a70ebaa30b2'",983
"'f6938e564febb447d9703d7ad95c8d23'",982
"'b275fcde25f08e53ef01cf9c41de25be'",982
"'e1841452d68f612673aa692915e4aad5'",977
"'7f960958e13d6a5774b00495e84cb9d5'",976
"'672c6d67ee897eb39811a61bd8f18955'",976
"'0cc75e0abbb8e94bd49e454c1ea37b49'",976
"'03a14e24862c5654ae002794c14b8d5c'",976
"'a5281902824a2955be97c2358c7e9182'",975
"'919e386ff075739e832120f120bd0e57'",972
"'21a5e9031536cc7b9cda11ea287186e7'",970
"'869f25391e3f9df002d7554e9a70a242'",969
"'9d8941e7de95a4673c0538269638e3a5'",968
"'b037c8c40c7c12a61a5cb7032fca6fc9'",967
"'aa4d56696a5ede2ec8c0b0d2a27627f7'",967
"'e3746c7c51b40e4f356fcb44e59f28a2'",965
"'d60998f383d50af99e941821b3692dd2'",965
"'cf2346a0561951b95dc2eed34ce97667'",965
"'3b0e0b3445eccf263a4de380ba34c5dd'",965
"'c83c1ed033c38c2783922ff64dfe8cde'",963
"'6e45d2eda3486b72258d0577eaa3d491'",963
"'a82be24051165c3743ae1f4e0e3a62dd'",961
"'7f4cea6e11bb1343d464814cc3739478'",961
"'4303ccb57158218d5118ca1a4e1d6e5b'",959
"'42733da3e9a5a3c302a27bb45e8bc453'",958
"'2735dbff751f4c0b37ca33c5a57ac313'",958
"'93d908a7d8adf6030718aade49dabf23'",955
"'85bee038137ebb48c1826f786e58ace4'",955
"'54255d3abda8fe4d2e01871ad34f9a00'",955
"'1071cabda4ee0c549b505ec7284f6aaf'",955
"'e7267813f46c5e3a1ca9a29bcd167776'",951
"'cec5fe4bee846f12bf19b8b6a83a13e9'",951
"'6858d591c8a60f6d29954673da7b8e02'",950
"'a364321edaa9d639675ab7e6c2b9fea0'",949
"'9d8547e1f199ba33036260b4ca6bd866'",949
"'0797a84c33ec2e348dceadb61a8f9bbf'",949
"'405c32b94600b070c8486d347549b7fa'",948
"'e49c158b2e74bc694cc18e2e859b49ff'",946
"'8cffad3c15a20b757e68bd5b96ef483d'",945
"'1a2455acf5a3587c40fa02a7ddf2a029'",944
"'fc4a49af7c08710c2389ded3b75dcfff'",942
"'413178601921bbc0d1967b95e280c851'",942
"'f7e5e5882effe61867fd94d14c3d764e'",941
"'7cacb9062b35dc8e9e16770a0827946a'",940
"'366f0d21d8704b96d8778dd4640f7c02'",940
"'ff43f2a5b8c8f996d3e13ab3820b975c'",938
"'9c7b4030022bddb8b3c92b6e00c7431d'",937
"'8c48460f4fb185c47758cb1f3c78f1a9'",933
"'11ebf3fbe986e3a58776a4618b7a4fbd'",933
"'da6e72e1b81245fcff210260f90b8623'",932
"'a43d4363a1f3bf37739617f86a737d95'",932
"'2d0306eda14e2f189086d000f64062cb'",929
"'463cfa6024872a07b59d51c3845657c3'",928
"'caf5c077e8472480a7a2c52b4237ba92'",927
"'9c42ea3a4b9c34feab7b27467b2dffdc'",927
"'70eaf2ce86512731f9955d7861bb36ef'",926
"'267f24695bab99399ad51152b8dc17e3'",924
"'7fe9d3ce603070cbbe0e6f490eb8207e'",923
"'f70808a1a3f319ed8c0f1c94e263aa4b'",922
"'1deabefd226c59dab8fb538a788aa208'",922
"'0c808820623ac1b3c3318a6a89778fe5'",922
"'08edaf49509ebf2674c66859af65716e'",920
"'f6d2bdbbf2e783116ad124df0afe47cf'",919
"'8df24b07198c326e7910747bf664709e'",919
"'b5c923bcd8e01e08a0fcde5eca399991'",918
"'15483706d0aa0ea39ad615bf98c8f0e6'",917
"'b53bf8b74a4e01bc34805eaed35048b2'",915
"'bc593ff11c3834e5985bf989c331734b'",914
"'512e0c779eef774f4bc25fdb7b542ba3'",914
"'1ff31ef16b70329d58bcb784232ba91f'",913
"'f6902e61b5463222cb5a628e8844a7e7'",912
"'2da871afc785b99452598e9ca8d14310'",910
"'d487f549e44436ea13795cb1712ebbec'",909
"'327f66feb33abbb04a45a671c897bc80'",909
"'2c6062ee949f41a27fb94d67771e1937'",909
"'086398a58c4a4c6a036dc7783768b465'",908
"'cd051fdd0811b8212264f453680ac61a'",907
"'dd9e71297a62eb8c71cce7fb3a0c37d8'",906
"'63c9beee6dc456a5f6ac641f89decede'",899
"'0e639fd9f3a1b0e4a55bb3af9e4c11c8'",899
"'d5868b8d52d4d99e8026088cc6a3ee32'",898
"'c7733742b942d3b578edfa3540101dcb'",895
"'fac3dd7ebc52c57b2cc73a3a0c240666'",894
"'eb38d59004ef211fa6756abc312aa1e0'",894
"'4a781a4865dde204c986f4be075fb516'",894
"'cf7ae6b4b771fbf3d247fc47cecb947c'",893
"'fc9ad6e2acc4930047408a16a074bfbd'",889
"'08c9fdd4cc8eed50514ac6fef693e3d3'",889
"'77c75d63d14949db2dd14aaedd477d75'",888
"'4ec8f886339a51350376569b1b82dfc1'",887
"'e03cfdd0e21dc6bbf559e46b997cb16b'",886
"'1b26ce5aa6581fd688a18b45c537c36f'",886
"'8b4519f1799dfe2b0d324d0daa800f4e'",884
"'c0602bae60517a4335f6d0d09c658e98'",883
"'c8d7bf528f37efaa57da66818eb9f4a8'",881
"'9ccd78d267ca06cfc82f7b815ccee8ff'",879
"'327be4a5fb7c6509d3dfcaa225c77405'",879
"'b8a35cdf58c2a67dfb93d06bd85e0d0c'",878
"'4e7f865cd40a8420898e283c57431fed'",877
"'3b3cc63e68c5ad2f2734874cc1895b4f'",875
"'c8a7f6800b9d005c6e53cff7e44e1fb8'",873
"'7773d727801869da4957095b57fa776d'",872
"'e08d7eff29bb380ed76e09895d7ae390'",870
"'f46d25fe3281f17c30f64e3925f14dbf'",869
"'a7512dc53f76b9bd8c8aefd3ef090e82'",868
"'fab716c1a1b4def1684a1d54282c68c2'",867
"'6ad319fe2695fc25b7b707ff2e2ffc8f'",867
"'eeb17d193b9dd89c31bb06c18c8fbb8d'",864
"'d4f5b2976a7e101afd393d7fc824fe60'",862
"'1902f004f9b2238936156932aaa84bb7'",862
"'a9dcbde6b1de2372887bb163285d9550'",861
"'69bf916c04f0f98e226a581b209e62de'",859
"'a8318680f7df487b81200f347243654e'",858
"'df47943c562df80bf793b23b8c75df33'",857
"'23e4c693499bb8fbbbc97ea549b1d958'",857
"'b01c88c263aafef39116ecf22d78289e'",856
"'32940602ded88350690d40d0e7f82264'",854
"'0b5f5e78826cc973516fabf2c3b264a2'",853
"'5381f0e0af681a93f8eec50cf0bee10a'",851
"'14d76b737a43021047355410d2c80420'",850
"'658e8f98f4622eedd40ebe3ed6b34bae'",847
"'e947591403ba5d80921dfb96c6070f55'",846
"'d71a939fbfcf75a5044369d437108a27'",845
"'af80e9d1d468fc861ebdbee96c447dfc'",845
"'3ab1cda8eb41add7d6bd5715b448c822'",844
"'e4c0fbf4c69031fd366d4490415c6026'",843
"'4735a5ef67ca0b58b5cf57a594304aee'",842
"'2e8f18a74d07cc23836c07c1a6b2aaf1'",842
"'683ab3ba13defff40de4357bd5df361a'",841
"'66abd502e04de90badc140f8571f0752'",840
"'5c5e5cdeaa868cd80642ebc996fcbe17'",840
"'376ac3e236728d9a20678fe695ecc3cd'",836
"'1d13a7e35fec66b4c080c21cff3add06'",836
"'cbec8db4b099be6487ccb1eb4a985eee'",834
"'706ee19012e02768fe285e7f651b2e8a'",834
"'5c1115da4aa318665e9fc42e49aec411'",834
"'152785a77ed5e249b4baa52b2dfa9515'",834
"'f0b643574b65e0fa836d41358a773f05'",825
"'e379f203e14d768b879c260e3d6ce783'",825
"'9289cbd21dbc12af47d09e4193857d96'",824
"'1eeb2202ba183b573f04cd78689d7a6c'",822
"'160550da0ba11818160146d8b4228939'",822
"'860aca19a50abdf294d287c06e1fe399'",821
"'cf16cba1064477ae48693483acefdf76'",820
"'512797b3fb47481738335fe6280599ec'",819
"'f11e6b3fda8b077ac9f8a1016958a976'",818
"'004b52cf6244274154fa098f3c472374'",817
"'464ce68ee8fb33ff990e6ebe67f7c96e'",816
"'2eecfaabd9de6d332c849fe968fa66ac'",816
"'83b360008104d0292e7484897fc01d19'",815
"'9760723f72dcba4b7d39b78557100974'",814
"'5d680cdc9cea3d95330e4eea36ae8dad'",814
"'4994d1bf84596931dc2fb1b5e734c4bf'",814
"'861cb2de69d25b96b795466589ce95cf'",811
"'cfe59305c8425cfb8c8ed48eade2f27a'",810
"'8bd537bb352649c9f92994110cb17c6e'",810
"'1b55d058d477fd4f357a8c861af0cc42'",809
"'555afc2a0f196a930e8453513c3d234b'",807
"'b3422de412b0ba328dd976afdf1253c1'",806
"'f9fd864548e30fadd8363505b749df71'",805
"'7e4aecb294a0344921f80f6abe81b23c'",804
"'2e46d9c9ea2549ae81bee11bad6d7525'",804
"'b45bb9626ea03cba87eb2157b30a0cc2'",803
"'bcf418179439b78873d12650979d1cd5'",802
"'8fd9c6c6552650f1c04ef4a235f3c749'",802
"'7db1d080d1c794c925e04ce448d5a99d'",802
"'499948f6463d23ca1e9d635ff6e3d277'",802
"'3e810ea617e3824439ce9444241d4b25'",801
"'b2271a40bedc53aea076833329230f94'",800
"'9412e612bb94f66cba8b3dfe437a809d'",799
"'3aeaa77d574b0d9d52a7275f3cb06074'",799
"'c04f7695ba99e4ea3308af5d01bcc9f1'",798
"'54af40549feac8c648d573775777c823'",798
"'0d79b5f51a1a3a25b9274ea54157af54'",796
"'df27921c953d74acafc6538a741ee34c'",792
"'cb20916511f22406a5d9aca0dbfe837e'",791
"'7ce7cbec012763e39c998cf879c79e95'",791
"'d62dc2a305d5d478144e41a9a4db2ee9'",787
"'7eeaecd3180ccd41ded8107fd3552fea'",784
"'ffef381441f3de0096a30e746b0a72f4'",783
"'6307793f87d678bc31d8c55789471ebf'",783
